tag,target
writing,_blank
essays,_blank
big,_blank
data,_blank
poetry,_blank
romance,_blank
research,_blank
usability,_blank
user,_blank
experience,_blank
web-design,_blank
information,_blank
architecture,_blank
user-experience,_blank
intent,_blank
coins,_blank
india,_blank
history,_blank
behiovral,_blank
traffic,_blank
bangalore,_blank
hindi,_blank
capital,_blank
punishment,_blank
shorts,_blank
dark,_blank
the,_blank
happy,_blank
man,_blank
sonnet,_blank
experiment,_blank
projects,_blank
openelective,_blank
universal,_blank
labs,_blank
typography,_blank
graphics,_blank
gif,_blank
garamond,_blank
twitter,_blank
stranger,_blank
music,_blank
quote,_blank
culture,_blank
spiritual,_blank
superheroes,_blank
delhi,_blank
corruption,_blank
movie,_blank
review,_blank
development,_blank
tribal,_blank
reservations,_blank
towelday,_blank
h2g2,_blank
startup,_blank